<BackupInst xmlns="http://www.microsoft.com/GroupPolicy/GPOOperations/Manifest"><GPOGuid><![CDATA[{2EAD76B0-3412-4091-8940-49999D79DFCC}]]></GPOGuid><GPODomain><![CDATA[Enterprise.Corp]]></GPODomain><GPODomainGuid><![CDATA[{76320592-fe12-44ae-aaf0-b3c935aaf007}]]></GPODomainGuid><GPODomainController><![CDATA[Win2k12.Enterprise.Corp]]></GPODomainController><BackupTime><![CDATA[2020-06-24T15:45:22]]></BackupTime><ID><![CDATA[{A6FAE352-54B5-4B8D-8542-778B65D7B8FD}]]></ID><Comment><![CDATA[Configures the Event Forwarding]]></Comment><GPODisplayName><![CDATA[HF Event Server - Forwarder]]></GPODisplayName></BackupInst>
