<BackupInst xmlns="http://www.microsoft.com/GroupPolicy/GPOOperations/Manifest"><GPOGuid><![CDATA[{91C51FA4-1004-4C6F-B389-1FE95C15C280}]]></GPOGuid><GPODomain><![CDATA[Enterprise.Corp]]></GPODomain><GPODomainGuid><![CDATA[{76320592-fe12-44ae-aaf0-b3c935aaf007}]]></GPODomainGuid><GPODomainController><![CDATA[Win2k12.Enterprise.Corp]]></GPODomainController><BackupTime><![CDATA[2020-06-24T15:45:39]]></BackupTime><ID><![CDATA[{F42B83A2-0450-43C8-957D-90B6B4C1B689}]]></ID><Comment><![CDATA[Configures the Event Auditing]]></Comment><GPODisplayName><![CDATA[HF Event Server - Domain Controllers]]></GPODisplayName></BackupInst>
