<BackupInst xmlns="http://www.microsoft.com/GroupPolicy/GPOOperations/Manifest"><GPOGuid><![CDATA[{91C51FA4-1004-4C6F-B389-1FE95C15C280}]]></GPOGuid><GPODomain><![CDATA[Enterprise.Corp]]></GPODomain><GPODomainGuid><![CDATA[{76320592-fe12-44ae-aaf0-b3c935aaf007}]]></GPODomainGuid><GPODomainController><![CDATA[Win2k12.Enterprise.Corp]]></GPODomainController><BackupTime><![CDATA[2020-06-24T12:32:35]]></BackupTime><ID><![CDATA[{72CE8E86-28C8-425E-A000-5C72ACE337D7}]]></ID><Comment><![CDATA[]]></Comment><GPODisplayName><![CDATA[HF Event Server - Domain Controllers]]></GPODisplayName></BackupInst>
